STATE,facilities,total_beds,burn_beds,adult_trauma_centers,peds_trauma_centers,adult_burn_centers,peds_burn_centers,population,total_beds_per_100k,burn_beds_per_100k,largest_single_facility_beds,capacity_loss_pct,broadband_pct,digital_coverage_pct,rural_county_share,provider_density_score,svi_weighted,access_gap_component,fragility_component,rurality_component,digital_gap_component,provider_shortage_component,vulnerability_component,telemedicine_priority_score
NM,1,556,10.0,1,0,1,1,2083540.0,26.68535281300095,0.47995238872303864,556,100.0,86.6,40.6420219,78.78787878787878,272.41531878747867,0.8151928572950153,1.0,1.0,0.8754208754208753,0.5964699102934571,0.19883705332213603,1.0,80.06091758554703
AK,2,574,0.0,2,2,0,0,730307.0,78.59708314448582,0.0,401,69.86062717770035,91.6,0.8755970999999999,90.0,155.57531162821138,0.5713242878197549,0.2757605915840086,0.6862377621342834,1.0,1.0,0.3632492885187574,0.6217324514979227,61.96230732186467
OK,3,1264,33.0,2,1,2,1,3815780.0,33.12559948424699,0.8648297333703725,749,59.25632911392405,88.6,65.5895549,76.62337662337663,279.38213696499895,0.7199048874737848,0.7868124533569278,0.5758430199774801,0.8513708513708514,0.3433146347041129,0.1933779780860379,0.8521976537461365,61.91187340219248
MS,4,2237,0.0,4,0,0,0,2986450.0,74.90498752699693,0.0,722,32.27536879749665,84.3,46.8862145,75.60975609756098,58.4628185284843,0.7527539522840999,0.2941112563020818,0.29496104746394514,0.8401084010840109,0.5331069197129479,1.0,0.9031502436724259,60.92268058655199
VT,1,620,9.0,1,1,1,0,625953.0,99.04897013034525,1.4378076309243666,620,100.0,90.7,25.559460499999997,78.57142857142857,110.37200987236356,0.2262337142910397,0.19888773556080236,1.0,0.873015873015873,0.7495203136263321,0.5202440969358488,0.08645820299282617,53.410770687583266
KY,4,1997,16.0,3,2,1,0,4379730.0,45.59641804403468,0.36531932333728334,945,47.32098147220831,89.1,48.8230241,67.5,174.78493595224555,0.5199276092370865,0.5452126853591781,0.4515915497212952,0.75,0.513453129975418,0.32111953131139975,0.5420104288918587,52.30293673247903
NV,3,2073,31.0,3,1,2,2,2754354.0,75.26265686981411,1.125490768434268,808,38.97732754462132,91.5,28.1079463,70.58823529411765,1031.3273529699052,0.8075044813913348,0.2922547883310801,0.36473096560324053,0.7843137254901962,0.7236595351263285,0.03774350723739713,0.9880744652281125,50.78420268855612
WV,5,2565,4.0,5,1,1,0,1856680.0,138.14981580024562,0.2154383092401491,956,37.27095516569201,86.4,32.4185318,63.63636363636363,67.8233116072745,0.45045449286015854,0.11527317695245592,0.34696698559603295,0.7070707070707071,0.6799178368909186,0.8592155300315807,0.4342498204819833,48.293142624879735
AR,6,2794,10.0,5,1,1,1,2949828.0,94.71738691205047,0.3390028164353989,740,26.48532569792412,86.8,48.6016422,77.33333333333333,130.8851705429288,0.6796498657520915,0.21239797405684346,0.23468451513621602,0.8592592592592592,0.5156996044426526,0.4355607622714106,0.7897575926331872,47.83437535756197
MT,4,1357,0.0,4,0,0,0,1005494.0,134.95853779336326,0.0,530,39.05674281503316,89.2,29.0358127,82.14285714285714,79.11156484924241,0.30503840764214535,0.12028170361898799,0.3655577085189622,0.9126984126984127,0.7142440039713203,0.733750544295508,0.20869313563921923,47.031199667326035
ME,2,1048,6.0,2,0,1,0,1328501.0,78.88590223116128,0.45163684483489286,637,60.782442748091604,90.7,23.2012308,68.75,191.39460651906325,0.2996123009709945,0.2743975280794848,0.5917304384688002,0.7638888888888888,0.7734504669447574,0.29150928037688184,0.2002766346000592,46.17277384117793
AL,6,3559,52.0,5,1,2,1,4817528.0,73.87606257815212,1.0793917544433576,1157,32.50913177858949,87.4,47.257328199999996,53.73134328358209,203.30025870769867,0.6243346247244481,0.2995520874357334,0.2973946082586669,0.5970149253731344,0.5293410406980377,0.27326190827056357,0.7039574394467765,43.50335101660102
OR,7,2768,16.0,7,2,1,1,3899801.0,70.97798067132143,0.4102773449209331,576,20.809248554913296,92.4,23.9636042,58.333333333333336,428.7951756029138,0.5883636829705767,0.31572466717652165,0.17559441139750018,0.6481481481481481,0.7657142772309696,0.11899822422867215,0.648162467655923,43.24237960933124
ID,4,1471,15.0,3,1,1,1,1595590.0,92.19160310606108,0.9400911261664964,579,39.360978925900746,92.1,32.081728399999996,68.18181818181817,171.0842178502244,0.40890858121070556,0.2208618857782909,0.3687249211729279,0.7575757575757575,0.683335551882875,0.32850004890936263,0.36980744406694155,43.140702998575236
WA,8,2978,40.0,7,3,1,1,6895318.0,43.18872603119972,0.5801037747642676,644,21.6252518468771,93.6,42.7083478,51.28205128205128,1038.7141831181332,0.4906480051307471,0.5809890194406115,0.18408931341493437,0.5698005698005697,0.575501852943983,0.037332281508557726,0.49659447352603237,42.47450285392645
LA,9,3739,47.0,7,0,4,1,4602134.0,81.24491811842071,1.0212653521170831,988,26.424177587590265,85.4,55.854303,42.1875,185.79589828825326,0.7760263727587227,0.2636271415642686,0.23404794024619657,0.46875,0.4421031753456339,0.30089865748494726,0.939248382352565,42.36640087054686
SD,3,1507,0.0,3,1,0,0,834047.0,180.6852611423577,0.0,545,36.16456536164566,89.9,59.835735,87.87878787878788,82.27680519689596,0.3509606130003976,0.06541068584465344,0.33544905047123336,0.9764309764309764,0.40170156468536405,0.704750139341712,0.2799236352483017,42.10909763878015
TN,8,4139,51.0,7,2,3,2,6454914.0,64.1216908544405,0.7900957317169524,897,21.671901425465087,89.6,48.1090199,53.68421052631579,270.5933414055645,0.5525032208021871,0.3598061898113862,0.18457495312149225,0.5964912280701754,0.5206984928745452,0.20031109279695075,0.5925388621139044,40.41437417994067
IA,4,2296,17.0,4,3,1,1,3075039.0,74.66571968680722,0.552838516844827,875,38.109756097560975,89.6,67.98674460000001,77.77777777777779,135.41515289659756,0.3030101193350803,0.29536309497314645,0.3556992196427988,0.8641975308641976,0.31898913449760186,0.42031835482543384,0.20554703260831286,39.85534646090383
HI,3,1246,7.0,2,0,1,1,1390090.0,89.63448409815192,0.5035645174053479,637,51.12359550561798,91.3,34.5286056,40.0,684.3500701674682,0.5622894013397316,0.22991671942544759,0.49117819592978657,0.4444444444444444,0.6585058474027052,0.0670619536522372,0.6077183275493272,39.781549520313696
NE,7,2366,16.0,5,1,1,1,1855350.0,127.52310884738729,0.862370981216482,718,30.346576500422657,90.2,41.045391599999995,88.17204301075269,248.19170998074685,0.40216702270974236,0.13292361662496008,0.2748815922252374,0.9796893667861409,0.5923767132800335,0.22020362339336164,0.3593505294562156,39.720617792738835
AZ,14,6110,80.0,13,3,2,2,6551149.0,93.26608202622167,1.2211598301305617,698,11.423895253682488,91.1,32.4239044,46.666666666666664,2055.124054814311,0.7671235779491102,0.2172052742405406,0.07788934393253358,0.5185185185185185,0.6798633183926914,0.008936780609705888,0.9254391474245243,38.589838489183116
NC,9,7360,60.0,9,4,2,2,9748364.0,75.49984797449089,0.6154878910963932,974,13.233695652173912,90.2,50.5971678,55.00000000000001,342.51046223932076,0.6273186049683416,0.29103335771755007,0.09673004863030332,0.6111111111111112,0.4954499936609536,0.15403506120393357,0.708585928038254,38.26451608260709
TX,48,22794,206.0,40,10,8,6,26060796.0,87.46471136184789,0.7904593551171654,1008,4.4222163727296655,91.5,60.677360300000004,66.14173228346458,1034.073385073963,0.7667164150287611,0.2380151764709753,0.0049992261634120025,0.7349081364829397,0.39316116573030646,0.03758994922660473,0.9248075919926257,37.38237045571272
RI,1,719,0.0,1,1,1,1,1050304.0,68.45637072695143,0.0,719,100.0,91.4,80.3094083,0.0,416.7661853239437,0.5634214583504683,0.3309104233950032,1.0,0.0,0.19394481348324316,0.12301244794652254,0.6094742751531426,37.1692336336187
GA,16,8153,129.0,13,3,3,3,9915646.0,82.22358886148214,1.3009742380879672,961,11.787072243346007,91.2,52.5146109,53.459119496855344,336.34506371117396,0.6364143825895968,0.25934027469003407,0.08167015336377194,0.593990216631726,0.47599272562537726,0.15722672412530495,0.7226945009876735,36.95712167825866
CA,62,22552,140.0,52,11,12,11,37999878.0,59.347558957952444,0.3684222354608612,889,3.9420007094714435,93.4,47.2620183,36.206896551724135,2969.691417183536,0.7231977370651324,0.3965160400140157,0.0,0.4022988505747126,0.5292934478736072,0.0,0.8573052333952289,36.74636397800363
MD,6,2673,20.0,6,1,1,1,5884868.0,45.42157954944784,0.33985469172800475,1091,40.81556303778526,92.4,73.758499,29.166666666666668,581.922447511453,0.472657139442041,0.5476829309022662,0.38386769036058405,0.32407407407407407,0.26042021404498605,0.08240064930815351,0.4686886196714733,36.48384198444572
KS,5,3212,28.0,5,1,2,2,2885398.0,111.31913171077265,0.9704033897576695,910,28.33125778331258,90.8,61.183776300000005,80.95238095238095,271.5533339726704,0.43455346579370974,0.16632457632538525,0.25390136432131527,0.8994708994708994,0.38802230562566786,0.19953196196668313,0.40958554111202145,36.41579549558344
DE,2,1277,0.0,1,1,0,0,917053.0,139.25040319370854,0.0,1140,89.27173061863743,92.5,80.4961438,33.33333333333333,366.0311506071384,0.5698545731581517,0.11359910628064923,0.8883146696724883,0.3703703703703703,0.19204991361619766,0.14284653449470622,0.6194527589436979,36.03549136347814
SC,8,4337,25.0,7,4,1,1,4723417.0,91.81912162318085,0.5292778511827348,865,19.94466220890016,89.2,62.7092831,43.47826086956522,218.4776562257202,0.6525743603130622,0.22214947167907928,0.16659374146476313,0.48309178743961356,0.3725422140924723,0.25288364758210097,0.7477604419183006,35.89681427943574
ND,6,1453,0.0,6,1,0,0,701345.0,207.17335975874926,0.0,286,19.683413626978666,89.4,67.2676677,84.90566037735849,82.46008934516779,0.27351284262312814,0.04470497363591608,0.1638740451994751,0.9433962264150944,0.32628597265748854,0.7031390543610819,0.15979344257690256,35.564955459048534
NH,4,1207,0.0,4,1,0,0,1321617.0,91.32751773017448,0.0,396,32.8086164043082,93.9,36.3606736,70.0,206.90667620505343,0.17049422945615064,0.22386491570356712,0.3005123561602541,0.7777777777777778,0.6399149238256758,0.2681488783987929,0.0,35.39193193502669
CO,19,6332,52.0,17,3,3,2,5189458.0,122.01659595279506,1.0020314260179002,825,13.029058749210359,93.2,34.1641452,73.4375,395.6579330714355,0.4177334497703088,0.14327896918796423,0.0945997012935383,0.8159722222222222,0.6622042120066682,0.13064649243936324,0.3834958066266474,34.88575074852569
UT,8,2869,15.0,7,1,1,1,2854871.0,100.49490852651486,0.5254177859525001,527,18.368769606134542,93.6,38.0012308,68.96551724137932,424.1385690050776,0.32972149598225725,0.19463712034563288,0.15018810513665984,0.7662835249042146,0.6232673575077523,0.12052518069671707,0.24697937865923877,33.474581212209564
IN,9,4659,41.0,8,5,3,3,6537782.0,71.26270040818125,0.6271240001578516,836,17.94376475638549,90.1,72.12595160000001,52.17391304347826,221.51995868962703,0.4566943890125631,0.31407753790808257,0.14576364436412576,0.5797101449275363,0.27698650085818177,0.24913480449105888,0.44392860043118476,33.28479387378338
WI,14,4839,28.0,12,3,2,3,5724554.0,84.53060273341819,0.48912107388628,702,14.507129572225667,90.6,44.0429633,62.5,282.29220337491995,0.28968548720803083,0.24962766722457813,0.10998697600186182,0.6944444444444444,0.5619588322890625,0.19117748430454568,0.18487903123266883,32.37739320470319
MO,20,9605,93.0,17,3,5,5,6024522.0,159.43173582900022,1.54369093514805,1405,14.627798021863613,89.5,49.959201300000004,69.56521739130434,343.04203541679715,0.4431213558803735,0.08699953540142459,0.11124318007158206,0.7729468599033816,0.5019237634370781,0.15376525207462285,0.42287530119012906,31.61630373518752
FL,36,19224,85.0,33,8,6,2,19320749.0,99.49924819167208,0.43994153642801326,1550,8.062838119017893,91.7,56.8350213,32.83582089552239,874.4222903767,0.7216995209139982,0.19755081054504844,0.042899471569077016,0.3648424543946932,0.4321513291445681,0.04811960283245394,0.8549813318287616,31.08368311016952
VA,14,7153,68.0,13,3,3,2,8186628.0,87.37419118103327,0.8306228156452204,923,12.903676778973857,90.9,42.9133601,39.849624060150376,291.5443721202823,0.38694054123184496,0.23836177395242544,0.09329442769672641,0.4427736006683375,0.5734214891137916,0.18447316387260718,0.3357325460754551,30.404472760214407
MI,36,16872,69.0,35,7,5,3,9882519.0,170.72570262703263,0.6982025534178078,1398,8.285917496443812,90.5,36.754763000000004,63.85542168674698,619.7006241045241,0.44699283852995064,0.07485813311603806,0.045221812020403845,0.7095046854082998,0.6359158987251241,0.07615311409635635,0.4288804057186667,30.306592067433712
NY,36,18413,143.0,33,13,10,7,19576125.0,94.05845130228786,0.7304816453715942,912,4.953022321186118,90.4,54.232044099999996,40.32258064516129,1042.9729961592575,0.6244892603566232,0.2145622442179157,0.010525116275395536,0.4480286738351254,0.45856505952900256,0.037097840158640205,0.7041972966847133,30.24026590269105
MN,11,5293,50.0,9,5,3,3,5379646.0,98.38937357588213,0.9294291854891567,1265,23.899489892310598,92.0,62.623538599999996,68.96551724137932,487.0593510011912,0.31894053951930823,0.20086824193342212,0.20776498917573216,0.7662835249042146,0.3734123070402508,0.10236085740265993,0.2302569040060996,30.22288478626991
IL,57,18258,77.0,56,5,5,4,12868192.0,141.8847340791931,0.5983746590041553,894,4.8964837331580675,90.7,74.5563702,63.725490196078425,2225.2989533844225,0.5486630799253215,0.10969758286829695,0.009936528251018208,0.7080610021786492,0.2523238101432134,0.0067176449197469765,0.5865823721959122,26.196759937035523
PA,36,15191,83.0,32,6,6,3,12764475.0,119.00998670137237,0.6502421760393593,926,6.095714567836219,89.9,64.31910429999999,50.74626865671642,527.5094237376427,0.4434256504784587,0.1493375471898149,0.022420973518830455,0.5638474295190713,0.356206541561823,0.09297180068349538,0.42334729629752565,25.615349303456558
OH,26,14406,94.0,21,8,6,4,11553031.0,124.69454985449273,0.8136392951771704,1059,7.351103706788837,90.4,79.107889,53.40909090909091,492.7425227612404,0.4565554527625075,0.13812866659257939,0.035490047913724725,0.5934343434343434,0.20613723946449816,0.10094863330675918,0.44371309469865156,24.149067047084138
MA,11,5719,52.0,9,5,2,1,6645303.0,86.06078609207135,0.7825075846804879,999,17.46808882671796,92.9,72.11472909999999,21.428571428571427,952.4116287330575,0.46985724771824433,0.24347277821427787,0.14081167853951135,0.23809523809523808,0.27710038125991554,0.04253484828290822,0.46434567305596336,23.530136743859998
NJ,11,6037,12.0,10,4,1,1,8867749.0,68.07815602358615,0.13532182744459725,965,15.98476064270333,93.0,83.74827780000001,0.0,496.28696659430506,0.5635629844017712,0.3332851454141491,0.12536967272041985,0.0,0.15904885980364314,0.10008424287666148,0.6096937979583598,23.24507723573999
DC,4,1920,41.0,3,1,1,1,633427.0,303.113065909726,6.472726928280608,926,48.229166666666664,92.8,99.42196530000001,0.0,900.0,0.6262,0.0,0.46104610010924924,0.0,0.0,0.04618133991365666,0.7068508460634539,18.211174291295396
CT,12,6652,9.0,11,2,1,0,3591765.0,185.20142603984394,0.25057318616334867,1573,23.647023451593505,92.1,74.6942686,22.22222222222222,,0.5484442418098439,0.06146158010584736,0.20513671831248523,0.24691358024691357,0.2509244851095386,,0.5862429296935895,
